{
	"dataSel_slot45":  { "File": "dataSel_Template.png", "Rect": "0,0,31,40", "Center": "20,40" },
	"dataSel_lifeContinue_slot45":  { "File": "dataselectlife.png", "Rect": "27,6,25,45", "Center": "16,-4" },
"ESS_Char_Es45":  { "File": "dataSel_Template.png", "Rect": "0,0,32,43", "Center": "20,43" },
	"ESS_Life_Es45":  { "File": "monitor_icon.png", "Rect": "64,32,16,16", "Center": "8,16" },
	"ESS_Cont_Es45":  { "File": "hud_text_sprites.png", "Rect": "0,80,20,27", "Center": "12,26" }
}
},16,21,25", "Center": "9,24" }
} }
}
} }
} }
}