{
	"hud_lives_icon_slot45":  { "File": "life_icon.png", "Rect": "0,0,52,16", "Center": "0,0" },
	"super_hud_lives_icon_slot45":  { "File": "life_icon.png", "Rect": "0,0,52,16", "Center": "0,0" },
	"hyper_hud_lives_icon_slot45":  { "File": "life_icon.png", "Rect": "0,0,52,16", "Center": "0,0" },
	"hud_bonus_icon_slot45":  { "File": "results_icons.png", "Rect": "0,61,16,19", "Center": "0,0" },
	"continue_icon_slot45":  { "File": "results_icons.png", "Rect": "5,80,20,27", "Center": "10,27" },
	"results_character_name_slot45":  { "File": "results_charactername.png", "Rect": "0,0,66,16", "Center": "0,0" },
	"special_results_name_slot45":  { "File": "results_charactername.png", "Rect": "0,0,66,16", "Center": "0,0" }
}0" }
}