{
	"dataSel_savePortrait_slot45":  { "File": "Boomer save portraits.png", "Rect": "1,1,80,56", "Center": "40,120" },
	"dataSel_savePortrait_superslot45":  { "File": "Boomer save portraits.png", "Rect": "83,1,80,56", "Center": "40,120" },
	"Clear_slot45":  { "File": "Boomer save portraits.png", "Rect": "165,1,80,56", "Center": "40,120" },

	"ESS_Zone_Es45_0":  { "File": "Boomer save portraits.png", "Rect": "1,1,80,56", "Center": "40,28" },
	"ESS_Zone_Es45_1":  { "File": "Boomer save portraits.png", "Rect": "83,1,80,56", "Center": "40,28" },
	"ESS_Zone_Es45_2":  { "File": "Boomer save portraits.png", "Rect": "165,1,80,56", "Center": "40,28" }
}